Date,Open,High,Low,Close,Volume
2016-12-01,19149.2,19214.3,19138.79,19191.93,108805456
2016-12-02,19161.25,19196.14,19141.18,19170.42,84923904
2016-12-05,19244.35,19274.85,19186.73,19216.24,92689240
2016-12-06,19219.91,19255.89,19184.74,19251.78,77807744
2016-12-07,19241.99,19558.42,19229.83,19549.62,112146528
2016-12-08,19559.94,19664.97,19527.83,19614.81,89787984
2016-12-09,19631.35,19757.74,19623.19,19756.85,91809664
2016-12-12,19770.2,19824.59,19747.74,19796.43,99770560
2016-12-13,19852.21,19953.75,19846.45,19911.21,99395256
2016-12-14,19876.13,19966.43,19748.67,19792.53,113293648
2016-12-15,19811.5,19951.29,19811.5,19852.24,93316328
2016-12-16,19909.01,19923.17,19821,19843.41,263537808
2016-12-19,19836.66,19917.78,19832.95,19883.06,85520704
2016-12-20,19920.59,19987.63,19920.42,19974.62,80816232
2016-12-21,19968.97,19986.56,19941.96,19941.96,71714688
2016-12-22,19922.68,19933.83,19882.19,19918.88,78050320
2016-12-23,19908.61,19934.15,19899.06,19933.81,47038200
2016-12-27,19943.46,19980.24,19939.8,19945.04,49056616
2016-12-28,19964.31,19981.11,19827.31,19833.68,58764280
2016-12-29,19835.46,19878.44,19788.94,19819.78,52675576
2016-12-30,19833.17,19852.55,19718.67,19762.6,103790112
2017-01-03,19872.86,19938.53,19775.93,19881.76,99921304
2017-01-04,19890.94,19956.14,19878.83,19942.16,81182120
2017-01-05,19924.56,19948.6,19811.12,19899.29,72358912
2017-01-06,19906.96,19999.63,19834.08,19963.8,75691024
2017-01-09,19931.41,19943.78,19887.38,19887.38,84808840
2017-01-10,19876.35,19957.12,19836.03,19855.53,91544736
2017-01-11,19887.38,19973.42,19833.16,19954.28,91098040
2017-01-12,19926.21,19929.29,19770.47,19891,77018792
2017-01-13,19912.54,19952.03,19849.38,19885.73,74988296
2017-01-17,19848.82,19882.99,19775.35,19826.77,95360448
2017-01-18,19822.73,19828.2,19739,19804.72,74543184
2017-01-19,19813.55,19824.14,19677.94,19732.4,79208256
2017-01-20,19795.06,19843.94,19759.14,19827.25,145548752
2017-01-23,19794.79,19833.98,19732.36,19799.85,82630088
2017-01-24,19794.68,19949.24,19786.71,19912.71,88955792
2017-01-25,19994.48,20082,19994.48,20068.51,91337832
2017-01-26,20076.25,20125.58,20067.53,20100.91,91055040
2017-01-27,20103.36,20115.97,20072.64,20093.78,84090672
2017-01-30,20028.62,20028.62,19870.39,19971.13,86086904
2017-01-31,19913.16,19918.17,19784.77,19864.09,108031464
2017-02-01,19923.81,19967.73,19845.99,19890.94,107265440
2017-02-02,19858.34,19922.75,19831.09,19884.91,89135136
2017-02-03,19964.21,20081.48,19964.21,20071.46,88342256
2017-02-06,20025.61,20094.95,20002.81,20052.42,74700160
2017-02-07,20107.62,20155.35,20068.68,20090.29,69873408
2017-02-08,20049.29,20068.28,20015.33,20054.34,70684424
2017-02-09,20061.73,20206.36,20061.73,20172.4,87837168
2017-02-10,20211.23,20298.21,20204.76,20269.37,83163808
2017-02-13,20338.54,20441.48,20322.95,20412.2,84375328
2017-02-14,20374.22,20504.41,20374.02,20504.41,89039448
2017-02-15,20504.27,20620.45,20496.03,20611.86,98434944
2017-02-16,20627.31,20639.87,20556.83,20619.77,91758152
2017-02-17,20564.13,20624.05,20532.61,20624.05,122560864
2017-02-21,20663.43,20757.64,20663.37,20743,92961768
2017-02-22,20715.41,20781.59,20692.39,20775.6,84353744
2017-02-23,20817.21,20840.7,20746.41,20810.32,79939096
2017-02-24,20751.91,20821.76,20733.95,20821.76,88863568
2017-02-27,20808.71,20851.33,20774.76,20837.44,71184000
2017-02-28,20833.88,20841.24,20781.21,20812.24,111104616
2017-03-01,20957.29,21169.11,20957.29,21115.55,106042632
2017-03-02,21128.91,21129.2,20996.61,21002.97,83352968
2017-03-03,21008.75,21039.96,20953.86,21005.71,75137728
2017-03-06,20955.71,20986.43,20912.11,20954.34,79610408
2017-03-07,20934.89,20970.54,20901.26,20924.76,72663144
2017-03-08,20940.44,20951.44,20835.58,20855.73,88717920
2017-03-09,20864.32,20900.57,20777.16,20858.19,76664336
2017-03-10,20919.01,20940.29,20827.66,20902.98,86041760
2017-03-13,20899.28,20926.06,20845.71,20881.48,77941888
2017-03-14,20848.6,20874,20786.31,20837.37,65804868
2017-03-15,20874.78,20977.47,20859.6,20950.1,80396000
2017-03-16,20969.27,21000.11,20893.5,20934.55,73976032
2017-03-17,20965.37,20980.51,20911.07,20914.62,296221792
2017-03-20,20916.27,20955.45,20885.7,20905.86,69360576
2017-03-21,20956.33,20970.04,20653.26,20668.01,96246192
2017-03-22,20640.42,20686.21,20578.95,20661.3,90625056
2017-03-23,20645.07,20757.89,20618.62,20656.58,78993192
2017-03-24,20674.45,20718.33,20529.67,20596.72,91647592
2017-03-27,20488.35,20578.46,20412.8,20550.98,79802256
2017-03-28,20542.14,20735.61,20520.1,20701.5,83845360
2017-03-29,20675.75,20684.73,20625.03,20659.32,60501624
2017-03-30,20662.79,20753.78,20643.6,20728.49,74638304
2017-03-31,20700.34,20722.59,20660.68,20663.22,105913168
2017-04-03,20665.17,20692.34,20517.82,20650.21,85862456
2017-04-04,20634.94,20701.29,20605.3,20689.24,63255164
2017-04-05,20745.06,20887.5,20639.55,20648.15,75466264
2017-04-06,20653.77,20746.46,20612.17,20662.95,76215256
2017-04-07,20647.81,20726.07,20606.95,20656.1,62225076
2017-04-10,20668.22,20750.33,20614.86,20658.02,62838140
2017-04-11,20644.32,20660.03,20512.56,20651.3,66539608
2017-04-12,20637.95,20642.54,20553.03,20591.86,73116584
2017-04-13,20561.69,20612.27,20453.25,20453.25,66566092
2017-04-17,20484.75,20644.41,20484.75,20636.92,64131296
2017-04-18,20561.39,20600.12,20462.28,20523.28,65847940
2017-04-19,20503.52,20546.69,20379.55,20404.49,76765288
2017-04-20,20406.68,20629.78,20406.68,20578.71,85269744
2017-04-21,20578.1,20601.4,20505.33,20547.76,114289664
2017-04-24,20723.59,20792.2,20723.59,20763.89,87743888
2017-04-25,20915.51,21026.97,20909.38,20996.12,87068320
2017-04-26,21009.95,21070.9,20972.27,20975.09,84915088
2017-04-27,20991.12,21005.8,20935.8,20981.33,78967744
2017-04-28,20987.39,20987.76,20926.75,20940.51,95038120
2017-05-01,20962.73,20976.62,20898.38,20913.46,78619408
2017-05-02,20941.19,20960.92,20904.06,20949.89,91324696
2017-05-03,20915,20972.74,20874.18,20957.9,82426728
2017-05-04,20987.83,20990.79,20847.95,20951.47,73235344
2017-05-05,20929.04,21006.94,20905,21006.94,69554912
2017-05-08,20991.26,21017.89,20971.05,21012.28,79476032
2017-05-09,21022.28,21046.85,20938.04,20975.78,72595864
2017-05-10,20958.49,20976.28,20884.15,20943.11,71569888
2017-05-11,20925.72,20933.36,20798.9,20919.42,78624136
2017-05-12,20893.19,20916.1,20869.74,20896.61,75784136
2017-05-15,20923.63,21000.83,20923.63,20981.94,88617008
2017-05-16,20984.48,21033.53,20932.88,20979.75,75838712
2017-05-17,20846.17,20846.17,20601.08,20606.93,113641960
2017-05-18,20579.65,20759.2,20553.45,20663.02,109612120
2017-05-19,20698.28,20857.13,20687.94,20804.84,127292944
2017-05-22,20867.77,20914.26,20860.16,20894.83,78184464
2017-05-23,20908.67,20961.14,20896.22,20937.91,65564112
2017-05-24,20949.21,21022.82,20933.58,21012.42,73849528
2017-05-25,21062.96,21112.32,21051.41,21082.95,67988328
2017-05-26,21070.15,21092.82,21050.49,21080.28,56526068
2017-05-30,21045.49,21063.62,21009.6,21029.47,65408856
2017-05-31,21048.46,21051.7,20942.57,21008.65,135215376
2017-06-01,21030.55,21144.18,20994.22,21144.18,76950608
2017-06-02,21142.09,21225.04,21129.56,21206.29,96353776
2017-06-05,21195.03,21224.41,21168.69,21184.04,65856332
2017-06-06,21145.48,21180.47,21118.46,21136.23,79186592
2017-06-07,21171.57,21189.84,21113.31,21173.69,80769608
2017-06-08,21169.76,21265.69,21138.16,21182.53,96877968
2017-06-09,21208.96,21305.35,21159.45,21271.97,120385848
2017-06-12,21259.95,21277.08,21186.15,21235.67,135223008
2017-06-13,21256.83,21332.77,21256.83,21328.47,89255192
2017-06-14,21342.71,21391.97,21294.09,21374.56,83202464
2017-06-15,21291.69,21367.28,21261.87,21359.9,87151632
2017-06-16,21335.93,21384.42,21308.01,21384.28,288559840
2017-06-19,21444.75,21528.99,21436.08,21528.99,88364704
2017-06-20,21521.25,21535.03,21464.24,21467.14,83752008
2017-06-21,21466.39,21492.62,21390,21410.03,77553288
2017-06-22,21407.98,21456.47,21394.81,21397.29,78152248
2017-06-23,21380.92,21421.79,21333.89,21394.76,143179792
2017-06-26,21434.68,21506.21,21381.25,21409.55,68340344
2017-06-27,21411.19,21440.6,21310.66,21310.66,84487632
2017-06-28,21372.36,21478.75,21372.36,21454.61,76134408
2017-06-29,21487.38,21487.38,21197.08,21287.03,96138744
2017-06-30,21348.6,21426.12,21325.08,21349.63,100731784
2017-07-03,21392.3,21562.75,21391.71,21479.27,57803632
2017-07-05,21492.83,21505.36,21404.76,21478.17,79561424
2017-07-06,21423.93,21433.1,21305.38,21320.04,88100928
2017-07-07,21354.66,21425.82,21350.72,21414.34,72678784
2017-07-10,21381.23,21446.39,21371.11,21408.52,72627776
2017-07-11,21410.17,21441.62,21279.3,21409.07,70282976
2017-07-12,21467.93,21580.79,21467.93,21532.14,81783272
2017-07-13,21537.19,21568.72,21512.36,21553.09,69468632
2017-07-14,21532.77,21681.53,21521.72,21637.74,66008224
2017-07-17,21633.97,21661.81,21617.66,21629.72,70534032
2017-07-18,21589.94,21589.94,21471.14,21574.73,63976184
2017-07-19,21569.25,21640.75,21565.84,21640.75,69055776
2017-07-20,21641.54,21661.91,21576.96,21611.78,85281760
2017-07-21,21591.72,21592.61,21503.78,21580.07,109708544
2017-07-24,21577.78,21577.78,21496.13,21513.17,88378704
2017-07-25,21638.56,21670.62,21577.37,21613.43,83556792
2017-07-26,21690.38,21742.7,21683.29,21711.01,70726000
2017-07-27,21717.42,21798.47,21687.85,21796.55,111254848
2017-07-28,21787.51,21841.18,21756.12,21830.31,72970192
2017-07-31,21863.39,21929.8,21861.71,21891.12,103845792
2017-08-01,21961.42,21990.96,21940.81,21963.92,81196352
2017-08-02,22004.36,22036.1,21967.46,22016.24,89832472
2017-08-03,22007.58,22044.85,21991.32,22026.1,71271056
2017-08-04,22058.39,22092.81,22024.64,22092.81,73643272
2017-08-07,22100.2,22121.15,22081.97,22118.42,59559020
2017-08-08,22095.14,22179.11,22057.29,22085.34,67845640
2017-08-09,22022.34,22057.19,21996.69,22048.7,70957104
2017-08-10,21988.2,21988.2,21843.94,21844.01,85167168
2017-08-11,21883.32,21911.09,21842.74,21858.32,69862728
2017-08-14,21945.64,22019.23,21945.64,21993.71,70864824
2017-08-15,22029.91,22038.92,21971.48,21998.99,67615112
2017-08-16,22031.93,22085.71,22002.47,22024.87,77187344
2017-08-17,21984.74,21984.74,21750.32,21750.73,95965912
2017-08-18,21724.88,21793.35,21641.63,21674.51,103641784
2017-08-21,21671.36,21718.74,21600.34,21703.75,85502752
2017-08-22,21739.78,21912.83,21738.13,21899.89,71556952
2017-08-23,21850.27,21866.66,21808.39,21812.09,68867400
2017-08-24,21839.9,21870.11,21765.82,21783.4,67719336
2017-08-25,21819.08,21906.86,21812.81,21813.67,63934272
2017-08-28,21832.5,21861.49,21767.94,21808.4,69204944
2017-08-29,21718,21879.22,21673.58,21865.37,64586520
2017-08-30,21859.76,21914.26,21839.47,21892.43,73008280
2017-08-31,21936.01,21985.76,21910.5,21948.1,131658352
2017-09-01,21981.77,22038.97,21974.91,21987.56,71060728
2017-09-05,21912.37,21921.09,21709.63,21753.31,90507776
2017-09-06,21815.76,21849.24,21794.07,21807.64,89896832
2017-09-07,21820.38,21850.01,21745.71,21784.78,84964544
2017-09-08,21764.43,21846.63,21731.12,21797.79,77327648
2017-09-11,21927.79,22067.1,21927.79,22057.37,90501048
2017-09-12,22090.56,22134.57,22087.09,22118.86,96089176
2017-09-13,22103.47,22158.18,22095.79,22158.18,78255920
2017-09-14,22144.96,22216.44,22135.26,22203.48,84161896
2017-09-15,22252.44,22275.02,22214.52,22268.34,276388928
2017-09-18,22297.92,22355.62,22283.35,22331.35,81321488
2017-09-19,22349.7,22386.01,22340.71,22370.8,80954800
2017-09-20,22351.38,22413.26,22314.68,22412.59,93616064
2017-09-21,22414.02,22419.51,22356.55,22359.23,80255744
2017-09-22,22334.07,22364.31,22299.58,22349.59,84573792
2017-09-25,22320.47,22359.88,22219.11,22296.09,102604968
2017-09-26,22322.03,22369.35,22279.52,22284.32,79997888
2017-09-27,22330.93,22371.1,22254.93,22340.71,93009424
2017-09-28,22306.83,22394.74,22288.97,22381.2,75651648
2017-09-29,22358.47,22405.63,22332.96,22405.09,88016512
2017-10-02,22423.47,22559.38,22416,22557.6,74048120
2017-10-03,22564.45,22646.32,22562.9,22641.67,60991248
2017-10-04,22645.67,22685.94,22632.8,22661.64,66049748
2017-10-05,22669.08,22777.04,22655.14,22775.39,66902248
2017-10-06,22762.03,22773.67,22730.85,22773.67,63604172
2017-10-09,22779.73,22803.37,22739.38,22761.07,74918584
2017-10-10,22784.76,22850.51,22770.99,22830.68,78343496
2017-10-11,22827.65,22872.89,22821.66,22872.89,86708128
2017-10-12,22854.85,22884.82,22821.13,22841.01,76255584
2017-10-13,22876.43,22905.33,22855.93,22871.72,74683112
2017-10-16,22892.92,22960.12,22887.12,22956.96,64929120
2017-10-17,22952.41,23002.2,22948.23,22997.44,65931468
2017-10-18,23087.13,23172.93,23086.75,23157.6,64837552
2017-10-19,23107.47,23167.24,23052.67,23163.04,86222768
2017-10-20,23205.18,23328.84,23201.78,23328.63,128229232
2017-10-23,23348.95,23368.37,23273.96,23273.96,109474336
2017-10-24,23346.78,23485.25,23343.23,23441.76,88155504
2017-10-25,23431.09,23451.51,23251.11,23329.46,102606224
2017-10-26,23380.89,23459.84,23380.89,23400.86,89231720
2017-10-27,23419.16,23449.4,23353.16,23434.19,127750248
2017-10-30,23405.75,23428.75,23327.87,23348.74,107582208
2017-10-31,23369.22,23406.35,23334.39,23377.24,110803456
2017-11-01,23442.9,23517.71,23388.91,23435.01,90304176
2017-11-02,23463.24,23531.38,23350.98,23516.26,87301864
2017-11-03,23549.59,23557.06,23481.57,23539.19,78599064
2017-11-06,23533.96,23574.86,23520.75,23548.42,87854528
2017-11-07,23574.03,23602.12,23484.19,23557.23,76931408
2017-11-08,23542.6,23575,23510.56,23563.36,72774608
2017-11-09,23492.09,23516.74,23310.02,23461.94,79675824
2017-11-10,23432.71,23452.2,23392.96,23422.21,88393136
2017-11-13,23367.47,23461.68,23343.34,23439.7,109022184
2017-11-14,23388.4,23414.08,23271.57,23409.47,123259752
2017-11-15,23334.59,23344.99,23242.75,23271.28,97854296
2017-11-16,23365.34,23492.19,23365.34,23458.36,93734208
2017-11-17,23433.77,23433.77,23356.01,23358.24,106204512
2017-11-20,23370.71,23456.88,23360.58,23430.33,80004992
2017-11-21,23500.15,23617.8,23500.15,23590.83,92484576
2017-11-22,23597.24,23605.77,23507.61,23526.18,71066720
2017-11-24,23552.75,23599.18,23551.59,23557.99,36736260
2017-11-27,23552.86,23638.92,23545.02,23580.78,84998832
2017-11-28,23625.19,23849.61,23617.11,23836.71,87841728
2017-11-29,23883.26,23959.76,23872.59,23940.68,105143960
2017-11-30,24013.8,24327.82,24013.8,24272.35,169737200
2017-12-01,24305.4,24322.06,23921.9,24231.59,123385088
2017-12-04,24424.11,24534.04,24288.19,24290.05,117002352
2017-12-05,24335.01,24349.74,24155.28,24180.64,111255472
2017-12-06,24171.9,24229.35,24134.49,24140.91,94424800
2017-12-07,24116.6,24262.88,24101.24,24211.48,85456936
2017-12-08,24263.26,24330.12,24225.5,24329.16,81472216
2017-12-11,24338.11,24389.72,24314.74,24386.03,84768184
2017-12-12,24452.96,24552.97,24443.83,24504.8,102133696
2017-12-13,24525.19,24666.02,24518.3,24585.43,93784376
2017-12-14,24631.01,24672.48,24508.66,24508.66,84753592
2017-12-15,24585.71,24688.62,24584.44,24651.74,317292512
2017-12-18,24739.56,24876.07,24739.56,24792.2,107452160
2017-12-19,24834.38,24850.11,24715.6,24754.75,99474688
2017-12-20,24838.09,24852.44,24697.11,24726.65,99104128
2017-12-21,24778.26,24850.91,24766.27,24782.29,101366032
2017-12-22,24764.04,24784.15,24717.51,24754.06,78610392
2017-12-26,24715.84,24778.13,24708.42,24746.21,59958120
2017-12-27,24766.52,24789.52,24731.68,24774.3,60501912
2017-12-28,24807.21,24839.23,24797.13,24837.51,50944696
2017-12-29,24849.63,24871.66,24719.22,24719.22,99506544
2018-01-02,24809.35,24864.19,24741.7,24824.01,93837856
2018-01-03,24850.45,24941.92,24825.55,24922.68,113120472
2018-01-04,24964.86,25105.96,24963.27,25075.13,101492432
2018-01-05,25114.92,25299.79,25112.01,25295.87,99171640
2018-01-08,25308.4,25311.99,25235.41,25283,97611920
2018-01-09,25312.05,25439.78,25308.41,25385.8,88515640
2018-01-10,25348.13,25404.92,25256.99,25369.13,88364144
2018-01-11,25398.6,25575.42,25396.19,25574.73,90362032
2018-01-12,25638.39,25810.43,25633.08,25803.19,103878720
2018-01-16,25987.62,26086.12,25702.99,25792.86,171084224
2018-01-17,25910.78,26130.45,25865.02,26115.65,133700112
2018-01-18,26149.55,26153.42,25947.32,26017.81,122449616
2018-01-19,25987.35,26071.72,25942.83,26071.72,171541424
2018-01-22,26025.32,26215.23,25974.65,26214.6,126357768
2018-01-23,26214.87,26246.19,26143.9,26210.81,109272288
2018-01-24,26282.07,26392.8,26106.94,26252.12,123271104
2018-01-25,26313.06,26458.25,26259.72,26392.79,95732448
2018-01-26,26466.74,26616.71,26425.35,26616.71,123610888
2018-01-29,26584.28,26608.9,26435.34,26439.48,110919888
2018-01-30,26198.45,26256.99,26028.42,26076.89,111840144
2018-01-31,26268.17,26338.03,26050.98,26149.39,140120144
2018-02-01,26083.04,26306.7,26014.44,26186.71,111586352
2018-02-02,26061.79,26061.79,25490.66,25520.96,140879408
2018-02-05,25337.87,25520.53,23923.88,24345.75,210835440
2018-02-06,24085.17,24946.23,23778.74,24912.77,231326304
2018-02-07,24892.87,25293.96,24785.44,24893.35,146600464
2018-02-08,24902.3,24903.68,23849.23,23860.46,179770672
2018-02-09,23992.67,24382.14,23360.29,24190.9,198760880
2018-02-12,24337.76,24765.16,24290.48,24601.27,149693824
2018-02-13,24540.33,24705.72,24421.03,24640.45,99077712
2018-02-14,24535.82,24925.95,24490.36,24893.49,114401024
2018-02-15,25047.82,25203.95,24809.42,25200.37,110581240
2018-02-16,25165.94,25432.42,25149.26,25219.38,127026632
2018-02-20,25124.91,25179.01,24884.19,24964.75,103980552
2018-02-21,24988.06,25267.99,24792.99,24797.78,124434712
2018-02-22,24855.41,25156.72,24854.83,24962.48,96386776
2018-02-23,25050.51,25313.91,25028.73,25309.99,91399808
2018-02-26,25403.35,25732.8,25398.56,25709.27,123397944
2018-02-27,25735.78,25800.35,25407.83,25410.03,119203008
2018-02-28,25485.15,25576.15,25022.42,25029.2,135532448
2018-03-01,25024.04,25185.35,24442.56,24608.98,135695648
2018-03-02,24394.91,24592.46,24217.76,24538.06,120190200
2018-03-05,24471.31,24961,24387.15,24874.76,105004560
2018-03-06,24965.89,24995.24,24708.41,24884.12,93405184
2018-03-07,24758.15,24849.68,24535.12,24801.36,102300008
2018-03-08,24853.41,24950.49,24703.05,24895.21,88846864
2018-03-09,25004.89,25336.33,25004.89,25335.74,102187552
2018-03-12,25372.44,25449.15,25152.02,25178.61,99533760
2018-03-13,25257.75,25376.4,24947.5,25007.03,110511776
2018-03-14,25086.97,25130.12,24668.83,24758.12,102684624
2018-03-15,24837.29,25053.87,24753.29,24873.66,90799352
2018-03-16,24877.34,25031,24857.09,24946.51,349358784
2018-03-19,24893.69,24893.69,24453.14,24610.91,115809088
2018-03-20,24650.64,24803.61,24650.64,24727.27,95064184
2018-03-21,24723.49,24977.65,24655.4,24682.31,97199392
2018-03-22,24526.01,24526.01,23938.74,23957.89,125157352
2018-03-23,23995.18,24108.47,23509.06,23533.2,140958256
2018-03-26,23825.74,24232.3,23741.22,24202.6,143708176
2018-03-27,24276.62,24446.22,23708.73,23857.71,143578704
2018-03-28,23883.08,24092.47,23728.67,23848.42,144364304
2018-03-29,23949.18,24314.3,23928.13,24103.11,164787520
2018-04-02,24076.6,24123.8,23344.52,23644.19,154073104
2018-04-03,23698.33,24044.35,23664.33,24033.36,115983168
2018-04-04,23654.15,24308.96,23523.16,24264.3,113330128
2018-04-05,24313.91,24622.26,24313.91,24505.22,100243040
2018-04-06,24373.6,24434.4,23738.2,23932.76,116689928
2018-04-09,24037.52,24373.18,23954.83,23979.1,117434656
2018-04-10,24198.95,24511.35,24198.95,24408,109322408
2018-04-11,24274.19,24366.57,24150.87,24189.45,78547768
2018-04-12,24302.82,24592.12,24302.82,24483.05,94168456
2018-04-13,24582.82,24646.45,24243.74,24360.14,85816528
2018-04-16,24483.15,24675.36,24480.2,24573.04,85438152
2018-04-17,24681.79,24858.97,24681.79,24786.63,87219104
2018-04-18,24820.85,24832.54,24721.09,24748.07,77454816
2018-04-19,24711.3,24762.48,24557.03,24664.89,99210024
2018-04-20,24657.39,24678.07,24375.04,24462.94,160586400
2018-04-23,24488.07,24536.89,24328.54,24448.69,104562160
2018-04-24,24579.94,24579.94,23828.73,24024.13,122367992
2018-04-25,24070.2,24146.34,23823.08,24083.83,114897536
2018-04-26,24128.72,24402.46,24128.72,24322.34,107519368
2018-04-27,24342.14,24359.38,24194.45,24311.19,97712952
2018-04-30,24410.41,24498.23,24163.08,24163.15,127068496
2018-05-01,24117.29,24117.29,23808.19,24099.05,99079536
2018-05-02,24097.63,24185.52,23886.3,23924.98,105000072
2018-05-03,23836.23,23996.15,23531.31,23930.15,111490712
2018-05-04,23865.22,24333.35,23778.87,24262.51,93759520
2018-05-07,24317.66,24479.45,24263.42,24357.32,81305952
2018-05-08,24341.35,24412.34,24198.34,24360.21,94052520
2018-05-09,24399.18,24586.48,24323.87,24542.54,92958016
2018-05-10,24591.66,24794.99,24575.91,24739.53,81118512
2018-05-11,24758.64,24868.65,24717.5,24831.17,83038152
2018-05-14,24879.37,24994.19,24862.52,24899.41,80259936
2018-05-15,24809.55,24809.55,24629.39,24706.41,90590392
2018-05-16,24722.32,24801.19,24672.79,24768.93,79616480
2018-05-17,24752.4,24839.49,24639.4,24713.98,78491888
2018-05-18,24707.72,24774.97,24664.87,24715.09,83546264
2018-05-21,24883.06,25086.49,24883.06,25013.29,82238456
2018-05-22,25047.55,25064.99,24812.06,24834.41,78549624
2018-05-23,24757.71,24889.46,24667.12,24886.81,113441560
2018-05-24,24877.36,24877.36,24605.9,24811.76,93461632
2018-05-25,24781.29,24824.22,24687.81,24753.09,72276784
2018-05-29,24606.59,24635.18,24247.84,24361.45,120239544
2018-05-30,24467.83,24714.48,24459.09,24667.78,92477024
2018-05-31,24620.79,24620.79,24352.15,24415.84,164421232
2018-06-01,24542.09,24673.6,24542.09,24635.21,85411824
2018-06-04,24727.55,24859.37,24722.14,24813.69,84598568
2018-06-05,24820.12,24838.78,24710.82,24799.98,83878808
2018-06-06,24854.14,25146.46,24854.14,25146.39,96312176
2018-06-07,25192.14,25326.09,25164.48,25241.41,99031160
2018-06-08,25209.29,25325.63,25165.7,25316.53,97049840
2018-06-11,25336.67,25402.83,25290.2,25322.31,81025408
2018-06-12,25346.82,25364.37,25247.04,25320.73,77560288
2018-06-13,25328.65,25362.07,25191.42,25201.2,100789752
2018-06-14,25254.65,25332.5,25138.6,25175.31,101273864
2018-06-15,25116.71,25130.82,24894.38,25090.48,355028704
2018-06-18,24944.28,25003.1,24825.77,24987.47,96097032
2018-06-19,24763.59,24763.59,24567.75,24700.21,109256848
2018-06-20,24771.17,24804.76,24628.39,24657.8,93328952
2018-06-21,24639.21,24639.21,24406.63,24461.7,91342448
2018-06-22,24526.97,24663.18,24526.97,24580.89,187244800
2018-06-25,24463.73,24463.73,24084.39,24252.8,126956384
2018-06-26,24281.89,24384.21,24241.22,24283.11,124961888
2018-06-27,24303.11,24569.02,24115.82,24117.59,117435992
2018-06-28,24064.19,24308.16,23997.21,24216.05,95902528
2018-06-29,24323.93,24509.52,24269.71,24271.41,126101120
2018-07-02,24161.53,24319.42,24077.56,24307.18,91452984
2018-07-03,24359.39,24444.88,24150.85,24174.82,64243968
2018-07-05,24285.82,24372.8,24177.44,24356.74,88005704
2018-07-06,24352.47,24520.29,24281.47,24456.48,84739696
2018-07-09,24525.23,24796.29,24525.23,24776.59,80515008
2018-07-10,24806.97,24945.38,24806.97,24919.66,78618376
2018-07-11,24789.48,24815.16,24663.82,24700.45,77924224
2018-07-12,24802.9,24939.97,24802.9,24924.89,78658616
2018-07-13,24926.07,25043.21,24890.06,25019.41,78989320
2018-07-16,25025.58,25072.41,24979.64,25064.36,78903152
2018-07-17,25033.92,25155.39,24989.61,25119.89,82149760
2018-07-18,25133.79,25215.32,25101.12,25199.29,76769264
2018-07-19,25139.15,25154.17,25052.62,25064.5,88748160
2018-07-20,25041.14,25124.1,24986.35,25058.12,121151336
2018-07-23,25036.9,25081.45,24983.33,25044.29,80936168
2018-07-24,25092.43,25286.62,25092.43,25241.94,85381312
2018-07-25,25183.7,25432.87,25113.55,25414.1,92419160
2018-07-26,25468.55,25587.24,25463.16,25527.07,95788672
2018-07-27,25520.52,25580.22,25370.07,25451.06,93887224
2018-07-30,25439.32,25500.16,25287.38,25306.83,84874728
2018-07-31,25345.21,25490.98,25345.21,25415.19,128328728
2018-08-01,25461.63,25488.8,25278.32,25333.82,82420312
2018-08-02,25256.45,25360.48,25120.07,25326.16,81618136
2018-08-03,25360.37,25467.9,25325.17,25462.58,67528456
2018-08-06,25437.43,25540.02,25381.38,25502.18,66822708
2018-08-07,25551.65,25692.72,25551.65,25628.91,64961976
2018-08-08,25615.72,25634.11,25557.48,25583.75,60567820
2018-08-09,25589.79,25613.31,25492.69,25509.23,59553920
2018-08-10,25401.19,25401.19,25222.88,25313.14,60954752
2018-08-13,25327.19,25381.39,25153.93,25187.7,64198680
2018-08-14,25215.69,25339.51,25201.87,25299.92,57509176
2018-08-15,25235.37,25235.37,24965.77,25162.41,79783352
2018-08-16,25294.97,25607.34,25294.97,25558.73,85374528
2018-08-17,25550.8,25728.16,25521.66,25669.32,81028248
2018-08-20,25727.7,25790.17,25716.41,25758.69,63537020
2018-08-21,25786.99,25888.82,25784.9,25822.29,66844396
2018-08-22,25825.06,25836.16,25722.43,25733.6,53939888
2018-08-23,25714.86,25762.56,25608.02,25656.98,62561004
2018-08-24,25688.58,25826.05,25688.58,25790.35,60083020
2018-08-27,25882.71,26067.57,25882.71,26049.64,62500940
2018-08-28,26092.7,26122.24,26037.85,26064.02,58625064
2018-08-29,26082.53,26167.94,26035.3,26124.57,61484784
2018-08-30,26099.01,26104.37,25934.8,25986.92,62604524
2018-08-31,25964.85,26028.83,25879.77,25964.82,97360008
2018-09-04,25916.07,25971.77,25805.95,25952.48,75453760
2018-09-05,25919.84,26011.22,25871.04,25974.99,88515368
2018-09-06,25973.02,26073.68,25880.84,25995.87,80743040
2018-09-07,25951.02,26002.99,25818.39,25916.54,85845088
2018-09-10,25991.91,26039.96,25854.13,25857.07,80762496
2018-09-11,25841.14,26019.92,25754.32,25971.06,77315272
2018-09-12,25989.07,26145.72,25929.43,25998.92,82440720
2018-09-13,26083.94,26191.64,26067.08,26145.99,74189584
2018-09-14,26169.56,26211.11,26068.29,26154.67,64677332
2018-09-17,26151.66,26184.47,26030.35,26062.12,72792232
2018-09-18,26076.21,26317.34,26076.21,26246.96,73229944
2018-09-19,26287.84,26464.41,26280.76,26405.76,72953664
2018-09-20,26519.39,26697.49,26519.39,26656.98,80659488
2018-09-21,26726.25,26769.16,26680.37,26743.5,372471360
2018-09-24,26705.25,26709.94,26548.68,26562.05,79881352
2018-09-25,26601.58,26634.85,26475.58,26492.21,75309408
2018-09-26,26536.86,26606.09,26349.34,26385.28,82400016
2018-09-27,26418.27,26557.01,26379.95,26439.93,74440352
2018-09-28,26407.66,26515.76,26383.57,26458.31,85496200
2018-10-01,26598.36,26737.98,26596.05,26651.21,70675288
2018-10-02,26648.91,26824.78,26627.66,26773.94,77276488
2018-10-03,26833.47,26951.81,26789.08,26828.39,82053240
2018-10-04,26784.08,26793.82,26471.61,26627.48,80867272
2018-10-05,26632.77,26676.16,26301.81,26447.05,77864472
2018-10-08,26399.45,26529.35,26223.09,26486.78,84140664
2018-10-09,26469.19,26539.94,26324.16,26430.57,76806488
2018-10-10,26441.73,26441.73,25593.65,25598.74,133223184
2018-10-11,25518.39,25683.64,24899.77,25052.83,152324928
2018-10-12,25407.63,25467.55,25000.83,25339.99,121152656
2018-10-15,25332.46,25482.42,25243.88,25250.55,87150376
2018-10-16,25351.53,25817.68,25351.53,25798.42,86131552
2018-10-17,25705.87,25810.09,25479.16,25706.68,89596608
2018-10-18,25645.56,25691.46,25236.01,25379.45,90745080
2018-10-19,25421.09,25608.71,25350.02,25444.34,113175680
2018-10-22,25492.14,25561.34,25236.05,25317.41,84662046
2018-10-23,25038.46,25307.7,24768.79,25191.43,108172631
2018-10-24,25172.88,25306.23,24533.19,24583.42,136766842
2018-10-25,24736.54,25104.29,24645.56,24984.55,118362050
2018-10-26,24770.25,24916.16,24445.19,24688.31,143088915
2018-10-29,24818.98,25040.58,24122.23,24442.92,121107251
2018-10-30,24482.04,24906.68,24415.69,24874.64,140373515
2018-10-31,25008.82,25336.55,25008.82,25115.76,135693477
2018-11-01,25142.08,25396.47,25108.11,25380.74,107754450
2018-11-02,25443.6,25578.98,25078.72,25270.83,128816000
2018-11-05,25261.47,25507.35,25261.47,25461.7,99050294
2018-11-06,25452.83,25651.86,25444.9,25635.01,82628250
2018-11-07,25788.46,26200.14,25765.88,26180.3,104669169
2018-11-08,26139.59,26277.82,26081.9,26191.22,80450478
2018-11-09,26149.11,26161.49,25882.91,25989.3,101913635
2018-11-12,25959.33,25966.71,25340.51,25387.18,101181926
2018-11-13,25321.21,25511.03,25193.78,25286.49,97261266
2018-11-14,25388.08,25501.29,24935.82,25080.5,114013353
2018-11-15,25061.48,25354.56,24787.79,25289.27,112654692
2018-11-16,25242.35,25510.23,25147.8,25413.22,126867216
2018-11-19,25392.61,25392.61,24900.98,25017.44,104150991
2018-11-20,24618.68,24707.26,24368.98,24465.64,128214475
2018-11-21,24541.65,24669.79,24463.28,24464.69,86168664
2018-11-23,24336.4,24408.8,24268.74,24285.95,45312027
2018-11-26,24364.13,24673.29,24364.13,24640.24,88957612
2018-11-27,24557.02,24750.73,24416.03,24748.73,86202920
2018-11-28,24832.84,25368.93,24832.84,25366.43,105708284
2018-11-29,25340.3,25479.04,25202.79,25338.84,80253858
2018-11-30,25307.14,25549.71,25250.97,25538.46,187768761
2018-12-03,25779.57,25980.21,25670.51,25826.43,113928634
2018-12-04,25752.56,25773.12,25008.11,25027.07,139285028
2018-12-06,24737.42,24951.01,24242.22,24947.67,147265874
2018-12-07,24918.82,25095.62,24284.78,24388.95,124372441
2018-12-10,24360.95,24500.81,23881.37,24423.26,113351808
2018-12-11,24719.91,24791.26,24221.06,24370.24,98286479
2018-12-12,24509.09,24828.29,24509.09,24527.27,104059690
2018-12-13,24575.86,24740.96,24473.29,24597.38,92642418
2018-12-14,24408.04,24431.14,24033.79,24100.51,123952784
2018-12-17,23986.83,24088.08,23456.88,23592.98,147762765
2018-12-18,23769.13,23927.77,23516.02,23675.64,125914510
2018-12-19,23693.33,24057.34,23162.64,23323.66,154592391
2018-12-20,23224.12,23282.2,22644.31,22859.6,185663812
2018-12-21,22871.74,23254.59,22396.34,22445.37,441125970
2018-12-24,22317.28,22339.87,21792.2,21792.2,92293159
2018-12-26,21857.73,22878.92,21712.53,22878.45,135065634
2018-12-27,22629.06,23138.89,22267.42,23138.82,132928540
2018-12-28,23213.61,23381.88,22981.33,23062.4,96900157
2018-12-31,23153.94,23333.18,23118.3,23327.46,98450358
2019-01-02,23058.61,23413.47,22928.59,23346.24,100597540
2019-01-03,23176.39,23176.39,22638.41,22686.22,128949958
2019-01-04,22894.92,23518.64,22894.92,23433.16,129924110
2019-01-07,23474.26,23687.74,23301.59,23531.35,104392834
2019-01-08,23680.32,23864.65,23581.45,23787.45,91689625
2019-01-09,23844.27,23985.45,23776.56,23879.12,93783100
2019-01-10,23811.11,24014.78,23703.25,24001.92,104184937
2019-01-11,23940.01,23996.32,23798.16,23995.95,81286827
2019-01-14,23880.53,23964.9,23765.24,23909.84,91713169
2019-01-15,23914.11,24099.14,23887.93,24065.59,85541723
2019-01-16,24139.91,24288.61,24119.72,24207.16,87148627
2019-01-17,24147.09,24474.46,24088.9,24370.1,81215137
2019-01-18,24534.19,24750.22,24459.03,24706.35,135318691
2019-01-22,24607.76,24607.76,24244.31,24404.48,112807554
2019-01-23,24577.25,24700.98,24307.17,24575.62,89585668
2019-01-24,24579.96,24626.3,24422.73,24553.24,87957072
2019-01-25,24687.21,24860.15,24676.75,24737.2,110503666
2019-01-28,24596.98,24596.98,24323.94,24528.22,91457455
2019-01-29,24519.62,24674.87,24504.04,24579.96,83260900
2019-01-30,24826.52,25109.62,24790.9,25014.86,102262745
2019-01-31,24954.48,25049.62,24842.09,24999.67,166845214
2019-02-01,25025.31,25193.15,24982.49,25063.89,109429687
2019-02-04,25062.12,25239.91,24977.67,25239.37,85456954
2019-02-05,25287.93,25427.32,25287.65,25411.52,91156100
2019-02-06,25371.57,25439.04,25312.06,25390.3,71643621
2019-02-07,25265.81,25314.26,25000.52,25169.53,89393389
2019-02-08,25042.36,25106.39,24883.04,25106.33,72703735
2019-02-11,25142.81,25196.75,25009.1,25053.11,77602627
2019-02-12,25152.03,25458.98,25152.03,25425.76,81712705
2019-02-13,25480.86,25625.95,25480.86,25543.27,72371362
2019-02-14,25460.65,25558.9,25308.09,25439.39,83407240
2019-02-15,25564.63,25883.72,25564.63,25883.25,109357435
2019-02-19,25849.85,25961.44,25820.01,25891.32,78867106
2019-02-20,25872.26,25986.2,25846.48,25954.44,81036550
2019-02-21,25922.41,25938.88,25762.21,25850.63,69199992
2019-02-22,25906.27,26052.9,25906.27,26031.81,80981851
2019-02-25,26126.15,26241.42,26080.66,26091.95,82976188
2019-02-26,26051.61,26155.29,25966.01,26057.98,74980090
2019-02-27,25995.6,26039.68,25877.24,25985.16,68562270
2019-02-28,25984.28,26029.21,25896.56,25916,117897726
2019-03-01,26019.67,26143.92,25914.37,26026.32,85813876
2019-03-04,26122.19,26155.98,25611.55,25819.65,86355671
2019-03-05,25829.07,25877.15,25725.63,25806.63,76830150
2019-03-06,25818.76,25837.61,25633.71,25673.46,72280889
2019-03-07,25645.45,25645.45,25352.55,25473.23,82909975
2019-03-08,25347.38,25466.14,25252.46,25450.24,76669938
2019-03-11,25208,25661.63,25208,25650.88,86119489
2019-03-12,25600.3,25675.44,25522.17,25554.66,86151851
2019-03-13,25637.23,25776.49,25571.31,25702.89,94467632
2019-03-14,25692.31,25752.84,25621.31,25709.94,95416063
2019-03-15,25720.96,25927.91,25649.7,25848.87,321929010
2019-03-18,25801.88,25924.77,25785.66,25914.1,97030797
2019-03-19,25987.87,26109.68,25814.92,25887.38,118528388
2019-03-20,25867.79,25929.52,25670.63,25745.67,97143699
2019-03-21,25688.44,26009.9,25657.78,25962.51,95104506
2019-03-22,25844.65,25877.01,25501.45,25502.32,109046544
2019-03-25,25490.72,25603.27,25372.26,25516.83,78791355
2019-03-26,25649.56,25796.29,25544.78,25657.73,94783023
2019-03-27,25676.34,25758.17,25425.27,25625.59,77429047
2019-03-28,25693.32,25743.41,25576.69,25717.46,67653145
2019-03-29,25827.31,25949.32,25771.67,25928.68,107949567
2019-04-01,26075.1,26280.9,26071.69,26258.42,83658052
2019-04-02,26213.55,26221.24,26122.31,26179.13,69646651
2019-04-03,26238.03,26282.17,26138.47,26218.13,79809911
2019-04-04,26213.42,26398.9,26212.78,26384.63,64994229
2019-04-05,26427.56,26487.57,26370.82,26424.99,60326993
2019-04-08,26312.67,26344.65,26246.03,26341.02,65708631
2019-04-09,26243.54,26246.34,26103.14,26150.58,68183307
2019-04-10,26173.71,26209.49,26101.24,26157.16,56200910
2019-04-11,26188.21,26229.88,26062.59,26143.05,56487907
2019-04-12,26357.79,26436.68,26309.72,26412.3,83562500
2019-04-15,26407.76,26424.85,26316.42,26384.77,72472418
2019-04-16,26482.19,26530.71,26397.19,26452.66,72985137
2019-04-17,26468.53,26501.02,26391.86,26449.54,90511955
2019-04-18,26463.37,26602.42,26444.53,26559.54,102921362
2019-04-22,26510.77,26553.05,26458.61,26511.05,62893325
2019-04-23,26513.83,26695.96,26503.56,26656.39,80930859
2019-04-24,26652.56,26680.58,26582.86,26597.05,75358154
2019-04-25,26426.37,26536.48,26310.28,26462.08,76621560
2019-04-26,26454.62,26543.56,26392.55,26543.33,87349486
2019-04-29,26559.87,26602.54,26520.75,26554.39,73385866
2019-04-30,26594.56,26614.04,26419.47,26592.91,102744915
2019-05-01,26639.06,26689.39,26426.38,26430.14,87890285
2019-05-02,26407.15,26454.69,26180.36,26307.79,74879270
2019-05-03,26379.14,26534.96,26370.09,26504.95,70125247
2019-05-06,26160.62,26476.27,26033.95,26438.48,81726671
2019-05-07,26276.9,26276.9,25789.71,25965.09,101667760
2019-05-08,25933.79,26118.1,25889.41,25967.33,83394821
2019-05-09,25878.85,25884.89,25517.39,25828.36,92110205
2019-05-10,25763.72,26019.32,25469.86,25942.37,85440597
2019-05-13,25568.06,25568.06,25222.51,25324.99,110066505
2019-05-14,25384.03,25688.96,25384.03,25532.05,85595124
2019-05-15,25400.13,25724.89,25341.94,25648.02,75908341
2019-05-16,25692.14,25957.63,25692.14,25862.68,89963767
2019-05-17,25719.95,25948.74,25657.78,25764,93425881
2019-05-20,25655.31,25751.71,25560.55,25679.9,82899830
2019-05-21,25782.34,25898.27,25779.61,25877.33,74103259
2019-05-22,25818.46,25878.21,25755.11,25776.61,66606252
2019-05-23,25657.99,25657.99,25328.09,25490.47,94975921
2019-05-24,25551.07,25670.81,25496.2,25585.69,55865417
2019-05-28,25616.55,25717.63,25342.28,25347.77,159863988
2019-05-29,25231.46,25231.46,24938.24,25126.41,86128485
2019-05-30,25139.94,25218.54,25066.75,25169.88,56018064
2019-05-31,25046.31,25046.31,24809.51,24815.04,87368469
2019-06-03,24830.16,24935.21,24680.57,24819.78,104387683
2019-06-04,24962.82,25343.77,24962.82,25332.18,79877402
2019-06-05,25451,25544.66,25373.58,25539.57,80928110
2019-06-06,25567.45,25800.3,25518.05,25720.66,74599844
2019-06-07,25768.72,26072.75,25768.72,25983.94,78400042
2019-06-10,26090.22,26210.61,26054.31,26062.68,67329223
2019-06-11,26180.59,26248.67,25998.87,26048.51,63724119
2019-06-12,26040.3,26082.1,25958.66,26004.83,60766455
2019-06-13,26036.94,26146.91,25995.71,26106.77,59831609
2019-06-14,26076.36,26162.28,25988.09,26089.61,63363516
2019-06-17,26108.53,26165.78,26049.8,26112.53,58680998
2019-06-18,26228.88,26527.19,26227.76,26465.54,77139966
2019-06-19,26490.16,26569.75,26415.05,26504,79768317
2019-06-20,26665.38,26798.63,26539.69,26753.17,90458535
2019-06-21,26749.12,26907.37,26705.87,26719.13,255262159
2019-06-24,26727.61,26806.52,26723.37,26727.54,71279019
2019-06-25,26731.61,26752.31,26527.66,26548.22,88680357
2019-06-26,26599.42,26660.04,26536.33,26536.82,87917378
2019-06-27,26523.72,26607.24,26465.32,26526.58,69472372
2019-06-28,26605.93,26638.35,26522.27,26599.96,193414082
2019-07-01,26805.86,26890.64,26616.21,26717.43,74795875
2019-07-02,26719.53,26787.56,26632.65,26786.68,61599400
2019-07-03,26832.32,26966,26831.44,26966,47135213
2019-07-05,26867.75,26950.81,26733.33,26922.12,57974609
2019-07-08,26835.64,26839.14,26744.87,26806.14,58888354
2019-07-09,26725.12,26807.7,26665.57,26783.49,59716241
2019-07-10,26851.96,26983.45,26813.11,26860.2,56646494
2019-07-11,26950.16,27088.45,26916.32,27088.08,65983448
2019-07-12,27139.49,27333.79,27135.45,27332.03,67077170
2019-07-15,27364.69,27364.69,27294.17,27359.16,59461910
2019-07-16,27349.32,27398.68,27290.24,27335.63,61518825
2019-07-17,27320.91,27343.06,27218.38,27219.85,58206485
2019-07-18,27191.98,27266.81,27068.79,27222.97,59842456
2019-07-19,27246.38,27342.96,27145.78,27154.2,85021494
2019-07-22,27174.18,27227.77,27088.9,27171.9,62385371
2019-07-23,27231.86,27368.81,27204.58,27349.19,60634530
2019-07-24,27262.24,27291.04,27191.12,27269.97,67344708
2019-07-25,27247.39,27298.43,27062.48,27140.98,72875119
2019-07-26,27166,27213.7,27123.25,27192.45,66984453
2019-07-29,27192.24,27275.85,27178.06,27221.35,61811311
2019-07-30,27145.39,27224.36,27069.86,27198.02,67082093
2019-07-31,27244.67,27281.65,26719.6,26864.27,111568085
2019-08-01,26879.86,27175.59,26548.71,26583.42,100319211
2019-08-02,26528.66,26570.02,26249.22,26485.01,92172774
2019-08-05,26259.23,26259.23,25523.38,25717.74,131339171
2019-08-06,25810.62,26038.68,25710.87,26029.52,93182987
2019-08-07,25814.22,26073.21,25440.39,26007.07,96661988
2019-08-08,26086.52,26383.61,26038.1,26378.19,94675951
2019-08-09,26337.09,26413.36,26097.64,26287.44,72752433
2019-08-12,26169.91,26178.95,25824.94,25907.37,52795476
2019-08-13,25888.88,26426.97,25833.25,26279.91,85664387
2019-08-14,26035.08,26035.08,25471.59,25479.42,111911416
2019-08-15,25514.25,25639.69,25339.6,25579.39,89837452
2019-08-16,25678.17,25929.65,25678.17,25886.01,92593263
2019-08-19,26020.06,26222.32,26020.06,26135.79,73325471
2019-08-20,26086.86,26160.12,25952,25962.44,66744264
2019-08-21,26145.36,26268.32,26141.77,26202.73,56989580
2019-08-22,26271.64,26388.78,26099.01,26252.24,67283546
2019-08-23,26134.21,26320.29,25507.18,25628.9,117613080
2019-08-26,25826.05,25941.25,25716.39,25898.83,68612149
2019-08-27,26014.46,26054.02,25721.85,25777.9,82129995
2019-08-28,25712.99,26041.57,25637.43,26036.1,58363078
2019-08-29,26249.09,26408.84,26185.71,26362.25,60619290
2019-08-30,26476.39,26514.62,26295.59,26403.28,76378478
2019-09-03,26198.26,26198.26,25978.22,26118.02,68764811
2019-09-04,26301.99,26362.35,26244.44,26355.47,60316520
2019-09-05,26603.15,26836.3,26603.15,26728.15,76681653
2019-09-06,26790.25,26860.87,26708.39,26797.46,61308111
2019-09-09,26866.23,26900.83,26762.18,26835.51,78395202
2019-09-10,26805.83,26909.43,26717.05,26909.43,87146222
2019-09-11,26928.05,27137.04,26885.48,27137.04,80088953
2019-09-12,27197.32,27306.73,27105.01,27182.45,80090206
2019-09-13,27216.67,27277.55,27193.95,27219.52,72147749
2019-09-16,27146.06,27172.87,27032.56,27076.82,72079672
2019-09-17,27010.12,27110.8,26984.14,27110.8,67020055
2019-09-18,27075.39,27161.93,26899.15,27147.08,70454821
2019-09-19,27186.05,27272.17,27064.21,27094.79,68699381
2019-09-20,27102.18,27194.75,26926.68,26935.07,269740303
2019-09-23,26851.45,27011.07,26831.34,26949.99,69351291
2019-09-24,27034.07,27079.68,26704.96,26807.77,102325907
2019-09-25,26866.71,27016.56,26755.86,26970.71,75153042
2019-09-26,27004.11,27015.07,26803.84,26891.12,72942157
2019-09-27,26987.26,27012.54,26715.82,26820.25,67977490
2019-09-30,26852.33,26998.86,26852.33,26916.83,75183598
2019-10-01,26962.54,27046.21,26562.22,26573.04,76231399
2019-10-02,26425.86,26438.04,25974.12,26078.62,97228413
2019-10-03,26039.02,26205.2,25743.46,26201.04,71288145
2019-10-04,26271.7,26590.74,26271.7,26573.72,70097018
2019-10-07,26502.33,26655.84,26424.54,26478.02,64404052
2019-10-08,26276.59,26421.81,26139.8,26164.04,71569646
2019-10-09,26308.23,26424.31,26249.75,26346.01,58720595
2019-10-10,26317.35,26603.31,26314.51,26496.67,62791212
2019-10-11,26694.2,27013.97,26694.2,26816.59,88576582
2019-10-14,26766.43,26874.33,26749.18,26787.36,56077933
2019-10-15,26811.2,27120.11,26811.2,27024.8,64556870
2019-10-16,26972.31,27058.34,26943.29,27001.98,65964319
2019-10-17,27032.38,27112.16,26970.29,27025.88,63847946
2019-10-18,27004.49,27018.25,26770.13,26770.2,102551310
2019-10-21,26852.67,26852.67,26747.62,26827.64,70094324
2019-10-22,26850.43,26946.64,26782.61,26788.1,68996426
2019-10-23,26835.24,26896.89,26745,26833.95,68707611
2019-10-24,26893.93,26931.78,26714.34,26805.53,68094274
2019-10-25,26789.61,27015.37,26765.68,26958.06,73977629
2019-10-28,27040.33,27167.88,27028.71,27090.72,78310383
2019-10-29,27061.07,27165.94,27039.76,27071.42,69014560
2019-10-30,27110.71,27204.36,26999.64,27186.69,61089711
2019-10-31,27188.37,27188.37,26918.29,27046.23,88293040
2019-11-01,27142.95,27347.43,27142.95,27347.36,78432580
2019-11-04,27402.06,27517.58,27402.06,27462.11,73925734
2019-11-05,27500.23,27560.36,27453.55,27492.63,85472338
2019-11-06,27502.74,27526.05,27407.81,27492.56,75957629
2019-11-07,27590.16,27774.67,27590.16,27674.8,74687885
2019-11-08,27686.2,27694.95,27578.97,27681.24,62357125
2019-11-11,27580.66,27714.39,27517.67,27691.49,53030637
2019-11-12,27701.59,27770.86,27635.32,27691.49,60782966
2019-11-13,27622.04,27806.4,27587.2,27783.59,74583182
2019-11-14,27757.2,27800.71,27676.97,27781.96,72440967
2019-11-15,27843.54,28004.89,27843.54,28004.89,91951930
2019-11-18,27993.22,28040.97,27969.24,28036.22,70233796
2019-11-19,28079.76,28090.21,27894.52,27934.02,73002435
2019-11-20,27879.55,27897.28,27675.28,27821.09,78681691
2019-11-21,27820.28,27828.33,27708.34,27766.29,64367510
2019-11-22,27831.23,27898.46,27773.98,27875.62,62664563
2019-11-25,27917.77,28068.69,27917.77,28066.47,73254149
2019-11-26,28080.75,28146.02,28042.21,28121.68,125691057
2019-11-27,28156.47,28174.97,28075.23,28164,60320818
2019-11-29,28103.16,28119.51,28042.53,28051.41,45565528
2019-12-02,28109.74,28109.84,27782.35,27783.04,73213626
2019-12-03,27501.98,27524.74,27325.13,27502.81,77535475
2019-12-04,27634.63,27727.45,27612.08,27649.78,68924995
2019-12-05,27736.05,27745.2,27562.8,27677.79,64808600
2019-12-06,27839.68,28035.85,27839.68,28015.06,67792746
2019-12-09,27987.05,28010.42,27906.14,27909.6,71818333
2019-12-10,27900.65,27949.02,27804,27881.72,63947813
2019-12-11,27867.31,27925.5,27801.8,27911.3,63653881
2019-12-12,27898.34,28224.95,27859.87,28132.05,80090242
2019-12-13,28123.64,28290.73,28028.32,28135.38,72738142
2019-12-16,28191.67,28337.49,28191.67,28235.89,91802249
2019-12-17,28221.75,28328.63,28220.56,28267.16,85978034
2019-12-18,28291.44,28323.25,28239.28,28239.28,87293380
2019-12-19,28278.31,28381.48,28278.24,28376.96,89718975
2019-12-20,28608.64,28608.64,28445.6,28455.09,284861411
2019-12-23,28491.78,28582.49,28491.78,28551.53,67955055
2019-12-24,28572.57,28576.8,28503.21,28515.45,25123910
2019-12-26,28539.46,28624.1,28535.15,28621.39,49393283
2019-12-27,28675.34,28701.66,28608.98,28645.26,59172869
2019-12-30,28654.76,28664.69,28428.98,28462.14,55210269
2019-12-31,28414.64,28547.35,28376.49,28538.44,68714703
2020-01-02,28638.97,28872.8,28627.77,28868.8,73668133
2020-01-03,28553.33,28716.31,28500.36,28634.88,75068172
2020-01-06,28465.5,28708.02,28418.63,28703.38,79138409
2020-01-07,28639.18,28685.5,28565.28,28583.68,71315716
2020-01-08,28556.14,28866.18,28522.51,28745.09,80874288
2020-01-09,28851.97,28988.01,28844.31,28956.9,76713631
2020-01-10,28977.52,29009.07,28789.1,28823.77,65161444
2020-01-13,28869.01,28909.91,28819.43,28907.05,72234282
2020-01-14,28895.5,29054.16,28872.27,28939.67,84258567
2020-01-15,28901.8,29127.59,28897.35,29030.22,78350616
2020-01-16,29131.95,29300.32,29131.95,29297.64,74494972
2020-01-17,29313.31,29373.62,29289.91,29348.1,119226506
2020-01-21,29269.05,29341.21,29146.47,29196.04,100433330
2020-01-22,29263.63,29320.2,29172.26,29186.27,78523146
2020-01-23,29111.02,29190.47,28966.98,29160.09,84967865
2020-01-24,29230.39,29288.79,28843.31,28989.73,97900285
2020-01-27,28542.49,28671.79,28440.47,28535.8,99290901
2020-01-28,28594.28,28823.23,28575.75,28722.85,86666750
2020-01-29,28820.53,28944.24,28728.19,28734.45,80738981
2020-01-30,28640.16,28879.71,28489.76,28859.44,84876065
2020-01-31,28813.04,28813.04,28169.53,28256.03,118882160
2020-02-03,28319.65,28630.39,28319.65,28399.81,87684545
2020-02-04,28696.74,28904.88,28696.74,28807.63,89591754
2020-02-05,29048.73,29308.89,29000.85,29290.85,94516058
2020-02-06,29388.58,29408.05,29246.93,29379.77,79384861
2020-02-07,29286.92,29286.92,29056.98,29102.51,67829314
2020-02-10,28995.66,29278.07,28995.66,29276.82,74822293
2020-02-11,29390.71,29415.39,29210.47,29276.34,69395674
2020-02-12,29406.75,29568.57,29406.75,29551.42,87209078
2020-02-13,29436.03,29535.4,29345.93,29423.31,80123721
2020-02-14,29440.47,29463.04,29283.18,29398.08,71011600
2020-02-18,29282.78,29330.16,29116.81,29232.19,73252418
2020-02-19,29312.7,29409.09,29274.38,29348.03,72143139
2020-02-20,29296.25,29368.45,28959.65,29219.98,80143136
2020-02-21,29146.53,29146.53,28892.7,28992.41,105200911
2020-02-24,28402.93,28402.93,27912.44,27960.8,140956562
2020-02-25,28037.65,28149.2,26997.62,27081.36,150110494
2020-02-26,27159.46,27542.78,26890.97,26957.59,130871696
2020-02-27,26526,26775.31,25752.82,25766.64,201886841
2020-02-28,25270.83,25494.24,24681.01,25409.36,293830966
2020-03-02,25590.51,26706.17,25391.96,26703.32,195898973
2020-03-03,26762.47,27084.59,25706.28,25917.41,201942294
2020-03-04,26383.68,27102.34,26286.31,27090.86,140255119
2020-03-05,26671.92,26671.92,25943.33,26121.28,150999531
2020-03-06,25457.21,25994.38,25226.62,25864.78,181319460
2020-03-09,24992.36,24992.36,23706.07,23851.02,227509115
2020-03-10,24453,25020.99,23690.34,25018.16,190770238
2020-03-11,24604.63,24604.63,23328.32,23553.22,190838370
2020-03-12,22184.71,22837.95,21154.46,21200.62,258422337
2020-03-13,21973.82,23189.76,21285.37,23185.62,244778688
2020-03-16,20917.53,21768.28,20116.46,20188.52,251927541
2020-03-17,20487.05,21379.35,19882.26,21237.38,235350881
2020-03-18,20188.69,20489.33,18917.46,19898.92,234315836
2020-03-19,19830.01,20442.63,19177.13,20087.19,211945222
2020-03-20,20253.15,20531.26,19094.27,19173.98,319830036
2020-03-23,19028.36,19121.01,18213.65,18591.93,202652053
2020-03-24,19722.19,20737.7,19649.25,20704.91,218243506
2020-03-25,21050.34,22019.93,20538.34,21200.55,212413185
2020-03-26,21468.38,22595.06,21427.1,22552.17,198431471
2020-03-27,21898.47,22327.57,21469.27,21636.78,165413051
2020-03-30,21678.22,22378.09,21522.08,22327.48,140767780
2020-03-31,22208.42,22480.37,21852.08,21917.16,174810542
2020-04-01,21227.38,21487.24,20784.43,20943.51,136685809
2020-04-02,20819.46,21477.77,20735.02,21413.44,131037954
2020-04-03,21285.93,21447.81,20863.09,21052.53,113392818
2020-04-06,21693.63,22783.45,21693.63,22679.99,186010276
2020-04-07,23537.44,23617.24,22634.45,22653.86,140315575
2020-04-08,22893.47,23513.4,22682.99,23433.57,125017372
2020-04-09,23690.66,24008.99,23504.09,23719.37,136420782
2020-04-13,23698.93,23698.93,23095.35,23390.77,103132107
2020-04-14,23690.57,24040.58,23683.44,23949.76,125209325
2020-04-15,23600.72,23649.72,23233.32,23504.35,109265669
2020-04-16,23543.66,23598.08,23211.38,23537.68,119010170
2020-04-17,23817.15,24264.21,23817.15,24242.49,154417711
2020-04-20,24095.1,24108.69,23627.19,23650.44,109159831
2020-04-21,23365.25,23365.25,22941.88,23018.88,126718330
2020-04-22,23437.34,23613.1,23339.6,23475.82,93946764
2020-04-23,23543.09,23885.36,23483.35,23515.26,95628819
2020-04-24,23628.24,23826,23417.68,23775.27,84749920
2020-04-27,23866.15,24207.65,23840.61,24133.78,90572749
2020-04-28,24357.17,24512.24,24031.2,24101.55,91781317
2020-04-29,24490.37,24764.77,24453.99,24633.86,105796477
2020-04-30,24585.57,24585.57,24186.9,24345.72,145377145
2020-05-01,24120.78,24120.78,23645.3,23723.69,102265543
2020-05-04,23581.55,23769.56,23361.16,23749.76,85218362
2020-05-05,23958.88,24169.72,23868.91,23883.09
2020-05-06,23978.88,24054.59,23661.14,23664.64
2020-05-07,23837.21,24094.62,23834.39,23875.89
2020-05-08,24107.82,24349.9,24107.05,24331.32
2020-05-11,24256.45,24366.21,24070.22,24221.99,345546681
2020-05-12,24292.84,24382.09,23761.58,23764.78,350548213
2020-05-13,23702.16,23708.9,23067.64,23247.97,459134399
2020-05-14,23049.06,23630.86,22789.62,23625.34,460204323
2020-05-15,23454.83,23730.08,23354.15,23685.42,471716617
2020-05-18,24059.98,24708.54,24059.98,24597.37,464536548
2020-05-19,24577.48,24599.5,24202.96,24206.86,362434725
